{"cameraMode":{"drawMode":0,"name":"Shaded","section":"Shading Mode"},"sceneLighting":false,"audioPlay":false,"sceneViewState":{"showFog":true,"showMaterialUpdate":false,"showSkybox":true,"showFlares":true,"showImageEffects":true,"showParticleSystems":true},"in2DMode":false,"pivot":{"x":0.00000476837158203125,"y":2.7878637313842775,"z":5.960464477539063e-7},"rotation":{"x":-0.057360321283340457,"y":-0.9024731516838074,"z":0.12700888514518739,"w":-0.4075792133808136},"size":11.545101165771485,"orthographic":false}