{"cameraMode":{"drawMode":0,"name":"Shaded","section":"Shading Mode"},"sceneLighting":true,"audioPlay":false,"sceneViewState":{"showFog":true,"showMaterialUpdate":false,"showSkybox":true,"showFlares":true,"showImageEffects":true,"showParticleSystems":true},"in2DMode":false,"pivot":{"x":-134.58627319335938,"y":19.088502883911134,"z":-238.99844360351563},"rotation":{"x":0.007564276922494173,"y":0.9696460962295532,"z":0.03024558536708355,"w":-0.24251697957515717},"size":258.24365234375,"orthographic":false}